{"1":{"calculator":"gpaw","calculator_parameters":{"basis":"dzp","convergence":{"forces":0.0001},"kpts":{"kpts":{"__ndarray__":[[0],"float64",[]]}},"maxiter":1000,"mode":{"ecut":800,"name":"pw"},"occupations":{"name":"fermi-dirac","width":0.1},"poissonsolver":{"dipolelayer":"xy"},"symmetry":{"symmorphic":false},"xc":"PBE"},"cell":{"__ase_objtype__":"cell","array":{"__ndarray__":[[3,3],"float64",[4.816062546588492,-0.0002049864285220374,0.0,-0.00024127831009118446,5.725840186020597,0.0,7.765606713041263e-16,-1.3518658615993232e-20,34.22894358720933]]}},"ctime":20.761648117001368,"dipole":{"__ndarray__":[[3],"float64",[7.602137017483577,-1.6554526485150343,2.5597226212170244e-05]]},"energy":-91.9697272869439,"forces":{"__ndarray__":[[16,3],"float64",[-0.0006265995097948893,6.77229351832612e-05,-0.0027940824082228416,-0.002333731447331064,-5.9148901822837785e-05,0.0020943453271189956,0.006759330486635749,-0.0008289291207489621,0.0011507062482869045,0.006112769420204328,-0.0003934304767376601,-0.0008322268230045733,-0.004487289182855372,-0.0058891262356601535,-0.0064875930288903864,-0.004014006690053538,0.005087015566789515,0.006514342093287166,0.0041771875476553245,0.005660102923916214,-0.001481713092076338,0.004347547165461133,-0.004344714149763173,0.0020539848527536416,-0.001458382164228596,0.0026123000371122695,-0.002080175780344091,-0.0014031197472842952,-0.0021771107168706166,0.0020189514025146147,-0.003947204127384958,-0.0020206224269720646,-0.0008376775571093599,0.0009136273597818716,-0.005883473350084529,0.005368986554423677,-0.000858458919864283,0.0006647922063101111,0.00520799243736085,-0.0038094522261244,0.0021257805781323535,0.001072109960086238,-0.0005526820646505133,-0.0004277939916216017,-0.00540197864693863,0.0009443924033398157,0.0054041457837422065,-0.005437216880779761]]},"initial_magmoms":{"__ndarray__":[[16],"float64",[3.0,3.0,0.0,0.0,0.0,0.0,0.0,0.0,0.0,0.0,0.0,0.0,0.0,0.0,0.0,0.0]]},"magmom":5.99908217473812,"magmoms":{"__ndarray__":[[16],"float64",[2.5671429736120794,2.5671502468708383,0.021709989801184076,0.021704640028627535,0.07836957479885079,0.07835996822536595,0.0784050356417679,0.07840181862124815,0.03908257237786936,0.039076992103279855,0.038903999831552724,2.1041235162776354e-05,4.386596946514244e-05,0.03890921564930093,4.380154647451628e-05,2.0530677838715003e-05]]},"mtime":20.761648117001368,"numbers":{"__ndarray__":[[16],"int64",[27,27,34,34,8,8,8,8,8,8,8,1,1,8,1,1]]},"pbc":{"__ndarray__":[[3],"bool",[true,true,false]]},"positions":{"__ndarray__":[[16,3],"float64",[0.7746300861196141,3.746249806946025,17.36019288370483,3.1829107506512377,0.8790889307068599,16.868778420925604,0.4097598638470651,0.884356894038797,19.06389464828223,2.817688240632497,3.74095655919656,15.16502601852012,4.508430588936692,2.176002933404942,18.084092865975354,2.1002845798182608,2.4490588878652413,16.144763352061837,4.50795136508316,5.321163261794081,18.082506697069665,2.0999962783551953,5.02964366805488,16.146471577606103,4.4593667025154335,3.7464925823275927,15.566155356187682,2.0514431262747497,0.8786978102925856,18.662810315619335,2.198571152111228,3.7462584403194614,18.94017875428441,2.7700700225266726,4.5422848428955245,18.829130734870414,2.8124895256359164,2.9848641480346623,18.808917972020186,4.606682119699065,0.878902859988807,15.288718036811968,0.404958087305432,1.6401314874601638,15.420249295751706,0.36168406575550593,0.08275994411344248,15.399556639644697]]},"stress":{"__ndarray__":[[6],"float64",[4.0114705012681665e-06,2.3584713716513356e-05,0.00016619094204846724,3.631877261070356e-05,-4.543797801824305e-07,-1.2115875354860173e-06]]},"unique_id":"8144ce6d6204aad6f92e1ed370caff34","user":"tols"},"ids":[1],"nextid":2}
