{"cell": [[-56.741, 5.81325473817936], [12.335, -0.24195401340862954]], "cell1": [[2.467, 1.2335], [0.0, 2.13648467113621]], "cell2": [[5.75, 0.0], [0.0, 5.92]], "ta": [[-23, 16], [5, -3]], "strain_tb": [[-9.868, 0.9819687057735406], [2.1452173913043477, -0.04087061037307931]], "det_ta": -10.999999999999996, "strain": [[0.9819687057735406, -0.02415647113229724], [-0.04087061037307931, 0.8682556437867773]], "tb": [[-10.0, 1.0], [2.0, 6.938893903907228e-18]], "diagonal_strain": [[0.9868789332598434, 0.0], [0.0, 1.05]], "diagonal_strain_tb:": [[-9.999200172815701, 0.995024488495176], [2.043064182194617, -0.038924390831504105]]}