{"cell": [[-39.472, 5.901816053634519], [44.406, -5.57130072477073]], "cell1": [[2.467, 1.2335], [0.0, 2.13648467113621]], "cell2": [[5.75, 0.0], [0.0, 5.92]], "ta": [[-16, 12], [18, -13]], "strain_tb": [[-6.864695652173913, 0.9969283874382634], [7.722782608695652, -0.9410980954004611]], "det_ta": -8.000000000000002, "strain": [[1.1107314473321939, 0.11380305989393058], [0.19399784549196308, 1.1350959408924242]], "tb": [[-7.000000000000002, 1.0000000000000002], [7.999999999999999, -1.0]], "diagonal_strain": [[0.9813603924253612, 0.0], [0.0, 0.9654792918511812]], "diagonal_strain_tb:": [[-6.995081221087713, 1.0158636879306155], [7.998910669423285, -0.9747470539694617]]}