{"cell": [[17.269000000000002, 23.589892697953474], [41.939, 55.153254738179356]], "cell1": [[2.467, 1.2335], [0.0, 2.13648467113621]], "cell2": [[5.75, 0.0], [0.0, 5.92]], "ta": [[7, 7], [17, 16]], "strain_tb": [[3.003304347826087, 3.9847791719516], [7.2937391304347825, 9.316428165232999]], "det_ta": -7.000000000000005, "strain": [[0.863715073226416, 0.058879875449548535], [-0.4286550172820398, 1.225672026040133]], "tb": [[3.0, 4.000000000000001], [6.999999999999977, 8.99999999999997]], "diagonal_strain": [[0.9980446564987625, 0.0], [0.0, 1.0374240217143926]], "diagonal_strain_tb:": [[3.0091883446998953, 3.9925860491359093], [7.030624872539129, 8.9803474473602]]}