{"cell": [[-17.269000000000002, 0.0], [0.0, 29.910785395906945]], "cell1": [[2.467, 1.2335], [0.0, 2.13648467113621]], "cell2": [[5.75, 0.0], [0.0, 5.92]], "ta": [[-7.000000000000001, 4.0414518843273814], [0.0, 14.000000000000002]], "strain_tb": [[-3.003304347826087, 0.0], [0.0, 5.052497533092389]], "det_ta": -98.00000000000004, "strain": [[1.0011014492753623, 0.0], [0.0, 1.0104995066184779]], "tb": [[-3.0, 0.0], [0.0, 4.999999999999999]], "diagonal_strain": [[1.0009911137367489, 0.0], [0.0, 1.0100879679282204]], "diagonal_strain_tb:": [[-3.0003306788754647, 0.0], [0.0, 5.002037142819855]]}