{"cell": [[17.269000000000002, 23.589892697953474], [29.604, 42.57630072477073]], "cell1": [[2.467, 1.2335], [0.0, 2.13648467113621]], "cell2": [[5.75, 0.0], [0.0, 5.92]], "ta": [[7, 7], [12, 13]], "strain_tb": [[3.003304347826087, 3.9847791719516], [5.148521739130435, 7.191942689995056]], "det_ta": 6.999999999999986, "strain": [[1.099234575024603, -0.058879875449543206], [0.07993872393776513, 0.981741113463432]], "tb": [[2.9999999999999933, 3.99999999999999], [4.99999999999998, 6.9999999999999725]], "diagonal_strain": [[0.9980446573128299, 0.0], [0.0, 1.0277964756462037]], "diagonal_strain_tb:": [[3.0091883422454138, 3.9925860458793077], [5.009281371483024, 6.997438559490375]]}