{"cell": [[-12.335, -12.576954013408631], [22.203, 28.19337736908968]], "cell1": [[2.467, 1.2335], [0.0, 2.13648467113621]], "cell2": [[5.75, 0.0], [0.0, 5.92]], "ta": [[-5, -3], [9, 8]], "strain_tb": [[-2.1452173913043477, -2.1244854752379445], [3.861391304347826, 4.762394825859744]], "det_ta": -13.000000000000005, "strain": [[1.1140725277849803, 0.020731916066403233], [-0.12868860915007652, 0.9010035215119179]], "tb": [[-2.0, -2.0], [4.000000000000001, 5.000000000000001]], "diagonal_strain": [[1.05, 0.0], [0.0, 0.9584735237849724]], "diagonal_strain_tb:": [[-2.043064182194617, -2.0233195002266138], [4.028688543319748, 4.968728616574867]]}